Name,Item No,Vf,Imax,CCT,CRI,Cutout,Beam Angle,Wattage,Batch Code,Stock Code,MFG BY,BIS No,BIS SEC,MRP,IMAGE
Anka,AOLZ1054,240V AC,NA,3000K, CRI>80,φ54*115mm,15~60° (Zoomable),10W,AJ/CG,AOLZ1054/30/B/S,,,,22199,https://wsrv.nl/?url=https%3A%2F%2Fi.ibb.co%2FNgDVLkj7%2FAnka-AOLZ1054.png&output=webp&q=78
Anka,AOLZ1054,240V AC,NA,3000K, CRI>80,φ54*115mm,15~60° (Zoomable),10W,AJ/CG,AOLZ1054/30/G/S,,,,22199,https://wsrv.nl/?url=https%3A%2F%2Fi.ibb.co%2FBKKBNCW7%2FAnka-Grey.png&output=webp&q=78
Zibal 3,AOLS0242,240V AC,NA,3000K, CRI>80,φ45*90mm, 5°,3W,AJ/CG,AOLS0242/30/5/B/S,,,,7399,https://wsrv.nl/?url=https%3A%2F%2Fi.ibb.co%2F0j45CZh0%2FZibal.png&output=webp&q=78
Zibal 3,AOLS0242,240V AC,NA,3000K, CRI>80,φ45*90mm, 8°,3W,AJ/CG,AOLS0242/30/8/B/S,,,,7399,https://wsrv.nl/?url=https%3A%2F%2Fi.ibb.co%2F0j45CZh0%2FZibal.png&output=webp&q=78
Zibal 3,AOLS0242,240V AC,NA,3000K, CRI>80,φ45*90mm, 25°,3W,AJ/CG,AOLS0242/30/25/B/S,,,,7399,https://wsrv.nl/?url=https%3A%2F%2Fi.ibb.co%2F0j45CZh0%2FZibal.png&output=webp&q=78
Zibal 3,AOLS0242,240V AC,NA,3000K, CRI>80,φ45*90mm, 40°,3W,AJ/CG,AOLS0242/30/40/B/S,,,,7399,https://wsrv.nl/?url=https%3A%2F%2Fi.ibb.co%2F0j45CZh0%2FZibal.png&output=webp&q=78
Zibal 3,AOLS0242,240V AC,NA,3000K, CRI>80,φ45*90mm, 60°,3W,AJ/CG,AOLS0242/30/60/B/S,,,,7399,https://wsrv.nl/?url=https%3A%2F%2Fi.ibb.co%2F0j45CZh0%2FZibal.png&output=webp&q=78
Zibal 5.5,AOLS0663,240V AC,NA,3000K, CRI>80,φ45*90mm, 15°,6W,AJ/CG,AOLS0663/30/15/B/S,,,,8749,https://wsrv.nl/?url=https%3A%2F%2Fi.ibb.co%2F0j45CZh0%2FZibal.png&output=webp&q=78
Zibal 5.5,AOLS0663,240V AC,NA,3000K, CRI>80,φ45*90mm, 30°,6W,AJ/CG,AOLS0663/30/30/B/S,,,,8749,https://wsrv.nl/?url=https%3A%2F%2Fi.ibb.co%2F0j45CZh0%2FZibal.png&output=webp&q=78
Zibal 5.5,AOLS0663,240V AC,NA,3000K, CRI>80,φ45*90mm, 45°,6W,AJ/CG,AOLS0663/30/45/B/S,,,,8749,https://wsrv.nl/?url=https%3A%2F%2Fi.ibb.co%2F0j45CZh0%2FZibal.png&output=webp&q=78
Zibal 5.5,AOLS0663,240V AC,NA,3000K, CRI>80,φ45*90mm, 60°,6W,AJ/CG,AOLS0663/30/60/B/S,,,,8749,https://wsrv.nl/?url=https%3A%2F%2Fi.ibb.co%2F0j45CZh0%2FZibal.png&output=webp&q=78
Zibal 12,AOLS1270,240V AC,NA,3000K, CRI>80,φ65*115mm, 15°,12W,AJ/CG,AOLS1270/30/15/B/S,,,,11199,https://wsrv.nl/?url=https%3A%2F%2Fi.ibb.co%2F0j45CZh0%2FZibal.png&output=webp&q=78
Zibal 12,AOLS1270,240V AC,NA,3000K, CRI>80,φ65*115mm, 30°,12W,AJ/CG,AOLS1270/30/30/B/S,,,,11199,https://wsrv.nl/?url=https%3A%2F%2Fi.ibb.co%2F0j45CZh0%2FZibal.png&output=webp&q=78
Zibal 12,AOLS1270,240V AC,NA,3000K, CRI>80,φ65*115mm, 45°,12W,AJ/CG,AOLS1270/30/45/B/S,,,,11199,https://wsrv.nl/?url=https%3A%2F%2Fi.ibb.co%2F0j45CZh0%2FZibal.png&output=webp&q=78
Zibal 12,AOLS1270,240V AC,NA,3000K, CRI>80,φ65*115mm, 60°,12W,AJ/CG,AOLS1270/30/60/B/S,,,,11199,https://wsrv.nl/?url=https%3A%2F%2Fi.ibb.co%2F0j45CZh0%2FZibal.png&output=webp&q=78
Zibal 16,AOLS1280,240V AC,NA,3000K, CRI>80, φ75*135mm, 15°,16W,AJ/CG,AOLS1280/30/15/B/S,,,,14799,https://wsrv.nl/?url=https%3A%2F%2Fi.ibb.co%2F0j45CZh0%2FZibal.png&output=webp&q=78
Zibal 16,AOLS1280,240V AC,NA,3000K, CRI>80, φ75*135mm, 30°,16W,AJ/CG,AOLS1280/30/30/B/S,,,,14799,https://wsrv.nl/?url=https%3A%2F%2Fi.ibb.co%2F0j45CZh0%2FZibal.png&output=webp&q=78
Zibal 16,AOLS1280,240V AC,NA,3000K, CRI>80, φ75*135mm, 45°,16W,AJ/CG,AOLS1280/30/45/B/S,,,,14799,https://wsrv.nl/?url=https%3A%2F%2Fi.ibb.co%2F0j45CZh0%2FZibal.png&output=webp&q=78
Zibal 16,AOLS1280,240V AC,NA,3000K, CRI>80, φ75*135mm, 60°,16W,AJ/CG,AOLS1280/30/60/B/S,,,,14799,https://wsrv.nl/?url=https%3A%2F%2Fi.ibb.co%2F0j45CZh0%2FZibal.png&output=webp&q=78
Sabik,AOLS0960,240V AC,NA,3000K, CRI>80, φ60*100mm, 6°,9W,AJ/CG,AOLS0960/30/6/B/S,,,,12399,https://wsrv.nl/?url=https%3A%2F%2Fi.ibb.co%2FHpdZ5NpZ%2FSabik.png&output=webp&q=78
Sabik,AOLS0960,240V AC,NA,3000K, CRI>80, φ60*100mm, 12°,9W,AJ/CG,AOLS0960/30/12/B/S,,,,12399,https://wsrv.nl/?url=https%3A%2F%2Fi.ibb.co%2FHpdZ5NpZ%2FSabik.png&output=webp&q=78
Sabik,AOLS0960,240V AC,NA,3000K, CRI>80, φ60*100mm, 25°,9W,AJ/CG,AOLS0960/30/25/B/S,,,,12399,https://wsrv.nl/?url=https%3A%2F%2Fi.ibb.co%2FHpdZ5NpZ%2FSabik.png&output=webp&q=78
Sabik,AOLS0960,240V AC,NA,3000K, CRI>80, φ60*100mm, 40°,9W,AJ/CG,AOLS0960/30/40/B/S,,,,12399,https://wsrv.nl/?url=https%3A%2F%2Fi.ibb.co%2FHpdZ5NpZ%2FSabik.png&output=webp&q=78
Sabik,AOLS0960,240V AC,NA,3000K, CRI>80, φ60*100mm, 60°,9W,AJ/CG,AOLS0960/30/60/B/S,,,,12399,https://wsrv.nl/?url=https%3A%2F%2Fi.ibb.co%2FHpdZ5NpZ%2FSabik.png&output=webp&q=78
Polis 15,AOSL1580,240V AC,NA,3000K, CRI>80, φ75*135mm, 18°,15W,AJ/CG,AOSL1580/30/18/B/S,,,,16199,https://wsrv.nl/?url=https%3A%2F%2Fi.ibb.co%2FC3f9WtGd%2FPolis.png&output=webp&q=78
Polis 15,AOSL1580,240V AC,NA,3000K, CRI>80, φ75*135mm, 24°,15W,AJ/CG,AOSL1580/30/24/B/S,,,,16199,https://wsrv.nl/?url=https%3A%2F%2Fi.ibb.co%2FC3f9WtGd%2FPolis.png&output=webp&q=78
Polis 15,AOSL1580,240V AC,NA,3000K, CRI>80, φ75*135mm, 38°,15W,AJ/CG,AOSL1580/30/38/B/S,,,,16199,https://wsrv.nl/?url=https%3A%2F%2Fi.ibb.co%2FC3f9WtGd%2FPolis.png&output=webp&q=78
Polis 15,AOSL1580,240V AC,NA,3000K, CRI>80, φ75*135mm, 60°,15W,AJ/CG,AOSL1580/30/60/B/S,,,,16199,https://wsrv.nl/?url=https%3A%2F%2Fi.ibb.co%2FC3f9WtGd%2FPolis.png&output=webp&q=78
Polis 25,AOLS2510,240V AC,NA,3000K, CRI>80, φ75*135mm, 18°,25W,AJ/CG,AOLS2510/30/18/B/S,,,,23199,https://wsrv.nl/?url=https%3A%2F%2Fi.ibb.co%2FC3f9WtGd%2FPolis.png&output=webp&q=78
Polis 25,AOLS2510,240V AC,NA,3000K, CRI>80, φ75*135mm, 24°,25W,AJ/CG,AOLS2510/30/24/B/S,,,,23199,https://wsrv.nl/?url=https%3A%2F%2Fi.ibb.co%2FC3f9WtGd%2FPolis.png&output=webp&q=78
Polis 25,AOLS2510,240V AC,NA,3000K, CRI>80, φ75*135mm, 38°,25W,AJ/CG,AOLS2510/30/38/B/S,,,,23199,https://wsrv.nl/?url=https%3A%2F%2Fi.ibb.co%2FC3f9WtGd%2FPolis.png&output=webp&q=78
Polis 25,AOLS2510,240V AC,NA,3000K, CRI>80, φ75*135mm, 60°,25W,AJ/CG,AOLS2510/30/60/B/S,,,,23199,https://wsrv.nl/?url=https%3A%2F%2Fi.ibb.co%2FC3f9WtGd%2FPolis.png&output=webp&q=78
Caph,AOGLL255,240V AC,NA,3000K, CRI>80, φ48*115mm, 10°,2W,AJ/CG,AOGLL255/30/10/R,,,,6749,https://wsrv.nl/?url=https%3A%2F%2Fi.ibb.co%2FNgj3fm2k%2FCaph.png&output=webp&q=78
Caph,AOGLL255,240V AC,NA,3000K, CRI>80, φ48*115mm, 25°,2W,AJ/CG,AOGLL255/30/25/R,,,,6749,https://wsrv.nl/?url=https%3A%2F%2Fi.ibb.co%2FNgj3fm2k%2FCaph.png&output=webp&q=78
Caph,AOGLL255,240V AC,NA,3000K, CRI>80, φ48*115mm, 35°,2W,AJ/CG,AOGLL255/30/35/R,,,,6749,https://wsrv.nl/?url=https%3A%2F%2Fi.ibb.co%2FNgj3fm2k%2FCaph.png&output=webp&q=78
Caph,AOGLL255,240V AC,NA,3000K, CRI>80, φ48*115mm, 40°,2W,AJ/CG,AOGLL255/30/40/R,,,,6749,https://wsrv.nl/?url=https%3A%2F%2Fi.ibb.co%2FNgj3fm2k%2FCaph.png&output=webp&q=78
Caph,AOGLL255,240V AC,NA,3000K, CRI>80, φ48*115mm, 15°,2W,AJ/CG,AOGLL255/30/15/C,,,,6749,https://wsrv.nl/?url=https%3A%2F%2Fi.ibb.co%2FQvm2JHgz%2FCaph-2-C.png&output=webp&q=78
Caph,AOGLL255,240V AC,NA,3000K, CRI>80, φ48*115mm, 25°,2W,AJ/CG,AOGLL255/30/25/C,,,,6749,https://wsrv.nl/?url=https%3A%2F%2Fi.ibb.co%2FQvm2JHgz%2FCaph-2-C.png&output=webp&q=78
Caph,AOGLL255,240V AC,NA,3000K, CRI>80, φ48*115mm, 35°,2W,AJ/CG,AOGLL255/30/35/C,,,,6749,https://wsrv.nl/?url=https%3A%2F%2Fi.ibb.co%2FQvm2JHgz%2FCaph-2-C.png&output=webp&q=78
Caph,AOGLL255,240V AC,NA,3000K, CRI>80, φ48*115mm, 40°,2W,AJ/CG,AOGLL255/30/40/C,,,,6749,https://wsrv.nl/?url=https%3A%2F%2Fi.ibb.co%2FQvm2JHgz%2FCaph-2-C.png&output=webp&q=78
Segin,AOGL0255,240V AC,NA,3000K, CRI>80, φ48*115mm, 1°,2W,AJ/CG,AOGL0255/30/1/B,,,,6799,https://wsrv.nl/?url=https%3A%2F%2Fi.ibb.co%2FZpXTYSyF%2FSegin-1-Way-B.png&output=webp&q=78
Segin,AOGL0255,240V AC,NA,3000K, CRI>80, φ48*115mm, 1°,2W,AJ/CG,AOGL0255/30/1/G,,,,6799,https://wsrv.nl/?url=https%3A%2F%2Fi.ibb.co%2F8LK9MKLQ%2FSegin-1-Way-G.png&output=webp&q=78
Segin,AOGL0255,240V AC,NA,3000K, CRI>80, φ48*115mm, 2°,2W,AJ/CG,AOGL0255/30/2/B,,,,6799,https://wsrv.nl/?url=https%3A%2F%2Fi.ibb.co%2F3mRGWMtg%2FSegin-2-Way-B.png&output=webp&q=78
Segin,AOGL0255,240V AC,NA,3000K, CRI>80, φ48*115mm, 2°,2W,AJ/CG,AOGL0255/30/2/G,,,,6799,https://wsrv.nl/?url=https%3A%2F%2Fi.ibb.co%2FqMfCXHvc%2FSegin-2-Way-G.png&output=webp&q=78
Segin,AOGL0255,240V AC,NA,3000K, CRI>80, φ48*115mm, 4°,2W,AJ/CG,AOGL0255/30/4/B,,,,6799,https://wsrv.nl/?url=https%3A%2F%2Fi.ibb.co%2FQSyH9Mk%2FSegin-4-Way-G.png&output=webp&q=78
Segin,AOGL0255,240V AC,NA,3000K, CRI>80, φ48*115mm, 4°,2W,AJ/CG,AOGL0255/30/4/G,,,,6799,https://wsrv.nl/?url=https%3A%2F%2Fi.ibb.co%2FgxSwR94%2FSegin-grey.png&output=webp&q=78
Anser,AOGL0611,240V AC,NA,3000K, CRI>80,φ116*38mm,NA,6W,AJ/CG,AOGL0611/30,,,,10699,https://wsrv.nl/?url=https%3A%2F%2Fi.ibb.co%2FpBWg8NZw%2FAnser.png&output=webp&q=78
Izar,AOGL0395,240V AC,NA,3000K, CRI>80, φ48*115mm, 8°,3W,AJ/CG,AOGL0395/30/8,,,,11499,https://wsrv.nl/?url=https%3A%2F%2Fi.ibb.co%2FLXfqFqkJ%2FIzar.png&output=webp&q=78
Izar,AOGL0395,240V AC,NA,3000K, CRI>80, φ48*115mm, 15°,3W,AJ/CG,AOGL0395/30/15,,,,11499,https://wsrv.nl/?url=https%3A%2F%2Fi.ibb.co%2FLXfqFqkJ%2FIzar.png&output=webp&q=78
Izar,AOGL0395,240V AC,NA,3000K, CRI>80, φ48*115mm, 30°,3W,AJ/CG,AOGL0395/30/30,,,,11499,https://wsrv.nl/?url=https%3A%2F%2Fi.ibb.co%2FLXfqFqkJ%2FIzar.png&output=webp&q=78
Izar,AOGL0395,240V AC,NA,3000K, CRI>80, φ48*115mm, 40°,3W,AJ/CG,AOGL0395/30/40,,,,11499,https://wsrv.nl/?url=https%3A%2F%2Fi.ibb.co%2FLXfqFqkJ%2FIzar.png&output=webp&q=78
Izar,AOGL0395,240V AC,NA,3000K, CRI>80, φ48*115mm, 60°,3W,AJ/CG,AOGL0395/30/60,,,,11499,https://wsrv.nl/?url=https%3A%2F%2Fi.ibb.co%2FLXfqFqkJ%2FIzar.png&output=webp&q=78
Timir,AOSL0278,240V AC,NA,3000K, CRI>80,φ79*53mm,NA,2W,AJ/CG,AOSL0278/30/R,,,,5649,https://wsrv.nl/?url=https%3A%2F%2Fi.ibb.co%2FwFj0YMtR%2FTimir.png&output=webp&q=78
Timir,AOSL0278,240V AC,NA,3000K, CRI>80,φ79*53mm,NA,2W,AJ/CG,AOSL0278/30/S,,,,5649,https://wsrv.nl/?url=https%3A%2F%2Fi.ibb.co%2FwFj0YMtR%2FTimir.png&output=webp&q=78
Timir,AOSL0278,240V AC,NA,3000K, CRI>80,φ79*53mm,NA,2W,AJ/CG,AOSL0278/30/R/B,,,,5649,https://wsrv.nl/?url=https%3A%2F%2Fi.ibb.co%2FwFj0YMtR%2FTimir.png&output=webp&q=78
Timir,AOSL0278,240V AC,NA,3000K, CRI>80,φ79*53mm,NA,2W,AJ/CG,AOSL0278/30/S/B,,,,5649,https://wsrv.nl/?url=https%3A%2F%2Fi.ibb.co%2FwFj0YMtR%2FTimir.png&output=webp&q=78
Morava,AOWL0238,24V DC,NA,3000K, CRI>80, φ38*65mm, 15°,2W,AJ/CG,AOWL0238/30/15,,,,7799,https://wsrv.nl/?url=https%3A%2F%2Fi.ibb.co%2FPvm27918%2FMorava.png&output=webp&q=78
Morava,AOWL0238,24V DC,NA,3000K, CRI>80, φ38*65mm, 35°,2W,AJ/CG,AOWL0238/30/35,,,,7799,https://wsrv.nl/?url=https%3A%2F%2Fi.ibb.co%2FPvm27918%2FMorava.png&output=webp&q=78
Morava,AOWL0238,24V DC,NA,3000K, CRI>80, φ38*65mm, 40°,2W,AJ/CG,AOWL0238/30/40,,,,7799,https://wsrv.nl/?url=https%3A%2F%2Fi.ibb.co%2FPvm27918%2FMorava.png&output=webp&q=78
Morava,AOWL0238,24V DC,NA,3000K, CRI>80, φ38*65mm, 60°,2W,AJ/CG,AOWL0238/30/60,,,,7799,https://wsrv.nl/?url=https%3A%2F%2Fi.ibb.co%2FPvm27918%2FMorava.png&output=webp&q=78
Marsic,AOWS0261,24V DC,NA,3000K, CRI>80,φ61*92mm, 15°,2W,AJ/CG,AOWS0261/30/15,,,,11099,https://wsrv.nl/?url=https%3A%2F%2Fi.ibb.co%2FZpc8DDzq%2FMarsic.png&output=webp&q=78
Marsic,AOWS0261,24V DC,NA,3000K, CRI>80,φ61*92mm, 30°,2W,AJ/CG,AOWS0261/30/30,,,,11099,https://wsrv.nl/?url=https%3A%2F%2Fi.ibb.co%2FZpc8DDzq%2FMarsic.png&output=webp&q=78
Marsic,AOWS0261,24V DC,NA,3000K, CRI>80,φ61*92mm, 40°,2W,AJ/CG,AOWS0261/30/40,,,,11099,https://wsrv.nl/?url=https%3A%2F%2Fi.ibb.co%2FZpc8DDzq%2FMarsic.png&output=webp&q=78
Marsic,AOWS0261,24V DC,NA,3000K, CRI>80,φ61*92mm, 60°,2W,AJ/CG,AOWS0261/30/60,,,,11099,https://wsrv.nl/?url=https%3A%2F%2Fi.ibb.co%2FZpc8DDzq%2FMarsic.png&output=webp&q=78
Rigel,AUWL0368,24V DC,NA,RGB, CRI>80,φ69*75mm, 15°,3W,AJ/CG,AUWL0368/RGB/15,,,,13049,https://wsrv.nl/?url=https%3A%2F%2Fi.ibb.co%2FmrgP1QRz%2FRigel.png&output=webp&q=78
Rigel,AUWL0368,24V DC,NA,RGB, CRI>80,φ69*75mm, 30°,3W,AJ/CG,AUWL0368/RGB/30,,,,13049,https://wsrv.nl/?url=https%3A%2F%2Fi.ibb.co%2FmrgP1QRz%2FRigel.png&output=webp&q=78
Rigel,AUWL0368,24V DC,NA,RGB, CRI>80,φ69*75mm, 45°,3W,AJ/CG,AUWL0368/RGB/45,,,,13049,https://wsrv.nl/?url=https%3A%2F%2Fi.ibb.co%2FmrgP1QRz%2FRigel.png&output=webp&q=78
Rigel,AUWL0368,24V DC,NA,RGB, CRI>80,φ69*75mm, 60°,3W,AJ/CG,AUWL0368/RGB/60,,,,13049,https://wsrv.nl/?url=https%3A%2F%2Fi.ibb.co%2FmrgP1QRz%2FRigel.png&output=webp&q=78
Sarin,AUWL1213,24V DC,NA,RGB, CRI>80, φ135*58mm, 15°,12W,AJ/CG,AUWL1213/RGB/15,,,,21049,https://wsrv.nl/?url=https%3A%2F%2Fi.ibb.co%2FTqNZPMWt%2FSarin.png&output=webp&q=78
Sarin,AUWL1213,24V DC,NA,RGB, CRI>80, φ135*58mm, 30°,12W,AJ/CG,AUWL1213/RGB/30,,,,21049,https://wsrv.nl/?url=https%3A%2F%2Fi.ibb.co%2FTqNZPMWt%2FSarin.png&output=webp&q=78
Sarin,AUWL1213,24V DC,NA,RGB, CRI>80, φ135*58mm, 45°,12W,AJ/CG,AUWL1213/RGB/45,,,,21049,https://wsrv.nl/?url=https%3A%2F%2Fi.ibb.co%2FTqNZPMWt%2FSarin.png&output=webp&q=78
Sarin,AUWL1213,24V DC,NA,RGB, CRI>80, φ135*58mm, 60°,12W,AJ/CG,AUWL1213/RGB/60,,,,21049,https://wsrv.nl/?url=https%3A%2F%2Fi.ibb.co%2FTqNZPMWt%2FSarin.png&output=webp&q=78
Mizar,AOWS1212,24V DC,NA,3000K, CRI>80,φ125*122mm, 15°,12W,AJ/CG,AOWS1212/30/15,,,,29299,https://wsrv.nl/?url=https%3A%2F%2Fi.ibb.co%2F4R3bB7Gx%2FMizar.png&output=webp&q=78
Mizar,AOWS1212,24V DC,NA,3000K, CRI>80,φ125*122mm, 30°,12W,AJ/CG,AOWS1212/30/30,,,,29299,https://wsrv.nl/?url=https%3A%2F%2Fi.ibb.co%2F4R3bB7Gx%2FMizar.png&output=webp&q=78
Mizar,AOWS1212,24V DC,NA,3000K, CRI>80,φ125*122mm, 40°,12W,AJ/CG,AOWS1212/30/40,,,,29299,https://wsrv.nl/?url=https%3A%2F%2Fi.ibb.co%2F4R3bB7Gx%2FMizar.png&output=webp&q=78
Mizar,AOWS1212,24V DC,NA,3000K, CRI>80,φ125*122mm, 60°,12W,AJ/CG,AOWS1212/30/60,,,,29299,https://wsrv.nl/?url=https%3A%2F%2Fi.ibb.co%2F4R3bB7Gx%2FMizar.png&output=webp&q=78
